Time (s),Power Consumption (W)
1707454179.086862,111.72
1707454179.3168685,111.22
1707454179.5138855,110.61
1707454179.7715995,109.68
1707454180.0727406,109.18
1707454180.4051151,109.17
1707454180.7209778,109.22
1707454180.9996147,109.33
1707454181.2946188,109.42
1707454181.6483371,109.34
1707454182.0884821,109.36
1707454182.607653,109.4
1707454184.1340175,109.11
1707454185.187439,109.83
1707454186.3675153,117.89
