Time (s),Power Consumption (W)
1707454179.1336045,111.72
1707454180.0324368,109.36
1707454180.3516736,109.15
1707454180.709073,109.22
1707454180.964474,109.27
1707454181.2628663,109.34
1707454181.6047642,109.34
1707454182.010895,109.36
1707454182.566454,109.43
1707454184.0695136,108.98
1707454185.0716834,109.76
1707454185.9073868,111.68
1707454187.1646507,127.54
