Time (s),Power Consumption (W)
1707454179.0956006,111.72
1707454179.4234316,110.95
1707454179.6218367,110.3
1707454179.9010196,109.43
1707454180.192131,109.08
1707454180.539142,109.13
1707454180.8206441,109.22
1707454181.1091413,109.32
1707454181.4330227,109.32
1707454181.8395822,109.31
1707454182.2087088,109.45
1707454183.203888,109.15
1707454184.6032743,109.54
1707454185.4906251,109.83
1707454187.0166557,126.16
