Time (s),Power Consumption (W)
1707454179.112449,111.72
1707454179.622406,110.3
1707454179.8973923,109.43
1707454180.1944547,109.08
1707454180.525393,109.13
1707454180.8349698,109.22
1707454181.105756,109.32
1707454181.38405,109.32
1707454181.7935917,109.31
1707454182.21229,109.45
1707454183.1926205,109.15
1707454184.6020772,109.54
1707454185.546424,109.83
1707454187.1371818,127.54
