Time (s),Power Consumption (W)
1707454179.122644,111.72
1707454179.7882633,109.68
1707454180.1034727,109.18
1707454180.4001372,109.17
1707454180.7133458,109.22
1707454180.963046,109.27
1707454181.2687902,109.34
1707454181.6341326,109.34
1707454182.0180898,109.36
1707454182.5373473,109.43
1707454184.047028,108.98
1707454185.0336387,109.76
1707454185.8541422,110.69
1707454187.1968067,127.54
