Time (s),Power Consumption (W)
1707454179.1338248,111.72
1707454180.029695,109.36
1707454180.369041,109.15
1707454180.6827202,109.21
1707454180.9972265,109.33
1707454181.2912827,109.42
1707454181.6452014,109.34
1707454182.014575,109.36
1707454182.594471,109.43
1707454184.1250594,109.11
1707454185.1260536,109.83
1707454185.9444208,111.68
1707454187.197123,127.53
