Time (s),Power Consumption (W)
1707454179.0815473,111.72
1707454179.220378,111.47
1707454179.3338933,111.22
1707454179.510758,110.61
1707454179.776062,109.68
1707454180.1100814,109.18
1707454180.3866694,109.15
1707454180.7148974,109.22
1707454180.9902554,109.33
1707454181.2723408,109.34
1707454181.648279,109.34
1707454182.0045094,109.36
1707454182.5638964,109.43
1707454184.0615327,108.98
1707454185.045279,109.76
1707454185.863264,110.69
1707454187.170776,127.54
