Time (s),Power Consumption (W)
1707454179.1316326,111.72
1707454179.5131836,110.61
1707454179.75791,109.99
1707454180.0750587,109.18
1707454180.3558142,109.15
1707454180.6602817,109.21
1707454180.947667,109.27
1707454181.2621217,109.34
1707454181.6212838,109.34
1707454182.007578,109.36
1707454182.5945,109.43
1707454184.1005535,109.11
1707454185.0716186,109.83
1707454185.8807156,111.68
1707454187.2004583,127.53
