Time (s),Power Consumption (W)
1707454179.1238022,111.72
1707454179.7729347,109.68
1707454180.0640547,109.36
1707454180.349688,109.15
1707454180.6721783,109.21
1707454180.9801564,109.33
1707454181.2541249,109.34
1707454181.607417,109.34
1707454181.955285,109.4
1707454182.527922,109.43
1707454184.0378764,108.98
1707454185.0042796,109.76
1707454185.8490615,110.69
1707454187.16884,127.54
