Time (s),Power Consumption (W)
1707454179.1210873,111.72
1707454179.7367702,109.99
1707454180.0325449,109.36
1707454180.3473268,109.15
1707454180.6701717,109.21
1707454180.9682312,109.27
1707454181.24241,109.34
1707454181.593377,109.34
1707454181.9778924,109.4
1707454182.5363574,109.43
1707454184.005639,108.98
1707454185.0037923,109.76
1707454185.8634248,111.68
1707454187.1983862,127.54
