Time (s),Power Consumption (W)
1707454179.1254473,111.72
1707454179.908155,109.43
1707454180.197553,109.08
1707454180.5107408,109.13
1707454180.8563774,109.22
1707454181.1456952,109.32
1707454181.427244,109.32
1707454181.8488653,109.31
1707454182.2071722,109.45
1707454183.3233738,109.14
1707454184.7832675,109.49
1707454185.6515365,109.88
1707454187.080576,127.54
