Time (s),Power Consumption (W)
1707454179.1122909,111.72
1707454179.626909,110.3
1707454179.9282744,109.43
1707454180.2050836,109.08
1707454180.5354857,109.13
1707454180.8334708,109.22
1707454181.1071234,109.32
1707454181.3839738,109.32
1707454181.802175,109.31
1707454182.1923525,109.45
1707454183.1971805,109.15
1707454184.6321673,109.54
1707454185.498111,109.83
1707454187.0521286,126.67
