Time (s),Power Consumption (W)
1707454179.1294649,111.72
1707454179.944674,109.43
1707454180.2542293,109.08
1707454180.5297651,109.13
1707454180.8435562,109.22
1707454181.0980592,109.32
1707454181.3905659,109.32
1707454181.8005025,109.31
1707454182.2053576,109.45
1707454183.3295908,109.14
1707454184.761124,109.49
1707454185.6558208,109.88
1707454187.1359372,127.54
