Time (s),Power Consumption (W)
1707454179.0925455,111.72
1707454179.418053,110.95
1707454179.6314356,110.3
1707454179.944979,109.43
1707454180.2517197,109.08
1707454180.5236182,109.13
1707454180.824272,109.22
1707454181.0744958,109.32
1707454181.4262524,109.32
1707454181.88539,109.31
1707454182.372875,109.5
1707454183.4734745,109.06
1707454184.810205,109.61
