Time (s),Power Consumption (W)
1707454179.1302876,111.72
1707454180.051226,109.36
1707454180.3614748,109.15
1707454180.6737893,109.21
1707454180.9503498,109.27
1707454181.2407444,109.34
1707454181.6011817,109.34
1707454181.9482987,109.4
1707454182.5386503,109.43
1707454184.0477078,108.98
1707454185.033777,109.76
1707454185.8627515,110.69
