Time (s),Power Consumption (W)
1707454179.1348572,111.72
1707454180.072801,109.18
1707454180.3980882,109.17
1707454180.7116969,109.22
1707454180.9434888,109.27
1707454181.2608397,109.34
1707454181.6255746,109.34
1707454182.0365593,109.36
1707454182.6773896,109.4
1707454184.188183,109.27
1707454185.2058818,109.86
1707454186.411299,117.89
1707454187.2115188,127.53
