Time (s),Power Consumption (W)
1707454179.1266606,111.72
1707454179.8721714,109.43
1707454180.21547,109.08
1707454180.5355318,109.13
1707454180.8109386,109.22
1707454181.0744884,109.32
1707454181.449879,109.32
1707454181.8650296,109.31
1707454182.2330172,109.45
1707454183.3218126,109.14
1707454184.7841237,109.49
1707454185.6510074,109.88
1707454187.0799491,127.54
