Time (s),Power Consumption (W)
1707454179.103652,111.72
1707454180.0274358,109.36
1707454180.3400035,109.15
1707454180.6388118,109.21
1707454180.9941587,109.33
1707454181.2719462,109.34
1707454181.600906,109.34
1707454181.9834976,109.4
1707454182.5784261,109.43
1707454184.141976,109.11
1707454185.1531,109.83
1707454185.9155493,111.68
1707454187.1993055,127.53
