Time (s),Power Consumption (W)
1707454179.08448,111.72
1707454179.2583473,111.47
1707454179.4374585,110.95
1707454179.6200416,110.3
1707454179.8907864,109.43
1707454180.1899362,109.08
1707454180.5162654,109.13
1707454180.8387847,109.22
1707454181.1114159,109.32
1707454181.450045,109.32
1707454181.8524024,109.31
1707454182.4348488,109.4
