Time (s),Power Consumption (W)
1707454179.1053994,111.72
1707454179.6039872,110.3
1707454179.8781254,109.43
1707454180.208007,109.08
1707454180.5475938,109.13
1707454180.862588,109.22
1707454181.14252,109.32
1707454181.4033415,109.32
1707454181.8719482,109.31
1707454182.3744392,109.5
1707454183.3199728,109.14
1707454184.7832227,109.49
1707454185.655248,109.88
1707454187.1360865,127.54
