Time (s),Power Consumption (W)
1707454179.114592,111.72
1707454179.6291554,110.3
1707454179.8931496,109.43
1707454180.2212594,109.08
1707454180.5495567,109.13
1707454180.8330104,109.22
1707454181.0980551,109.32
1707454181.3992426,109.32
1707454181.7902198,109.31
1707454182.1653714,109.45
1707454183.1927063,109.15
1707454184.5902734,109.54
1707454185.491106,109.83
1707454187.058885,126.67
