Time (s),Power Consumption (W)
1707454179.1314337,111.72
1707454180.0316324,109.36
1707454180.35931,109.15
1707454180.6887832,109.21
1707454180.9934337,109.33
1707454181.2910328,109.42
1707454181.6487594,109.34
1707454182.0927978,109.42
1707454182.6771212,109.4
1707454184.2126548,109.27
1707454185.2481415,109.86
