Time (s),Power Consumption (W)
1707454179.0767438,111.72
1707454179.1767972,111.47
1707454179.2609053,111.47
1707454179.4207778,110.95
1707454179.6369812,110.3
1707454179.93992,109.43
1707454180.218024,109.08
1707454180.4863281,109.13
1707454180.80847,109.22
1707454181.1007252,109.32
1707454181.4354546,109.32
1707454181.8665903,109.31
1707454182.279021,109.5
1707454183.3148654,109.14
1707454184.7526379,109.49
1707454185.6877363,109.88
