Time (s),Power Consumption (W)
1707454179.110213,111.72
1707454179.619725,110.3
1707454179.9137323,109.43
1707454180.2187126,109.08
1707454180.5497682,109.13
1707454180.805122,109.22
1707454181.1009774,109.32
1707454181.4293835,109.32
1707454181.8684208,109.31
1707454182.2256753,109.45
1707454183.3316596,109.14
1707454184.7693706,109.49
1707454185.6497812,109.88
1707454187.1242416,127.54
