Time (s),Power Consumption (W)
1707454179.097199,111.72
1707454179.5045862,110.61
1707454179.6333778,110.3
1707454179.9558585,109.43
1707454180.252367,109.08
1707454180.5728548,109.21
1707454180.8987038,109.27
1707454181.1685843,109.34
1707454181.4186196,109.32
1707454181.7951458,109.31
1707454182.1948302,109.45
1707454183.3131876,109.14
1707454184.7496908,109.49
1707454185.6543052,109.88
1707454187.1371784,127.54
