Time (s),Power Consumption (W)
1707454179.101006,111.72
1707454179.5192924,110.61
1707454179.7387838,109.99
1707454180.02914,109.36
1707454180.3647397,109.15
1707454180.6351488,109.21
1707454180.9737227,109.27
1707454181.2564335,109.34
1707454181.6070912,109.34
1707454181.9851859,109.4
1707454182.5972557,109.43
1707454184.085468,109.11
1707454185.0706797,109.76
1707454185.8793232,111.68
1707454187.1725786,127.54
