Time (s),Power Consumption (W)
1707454179.088691,111.72
1707454179.338871,111.22
1707454179.5269163,110.61
1707454179.7445965,109.99
1707454180.029674,109.36
1707454180.3433743,109.15
1707454180.665178,109.21
1707454180.9865756,109.33
1707454181.2630486,109.34
1707454181.6196384,109.34
1707454182.0272443,109.36
1707454182.5903523,109.4
1707454184.0731225,109.11
1707454185.0459533,109.76
1707454185.876788,111.68
1707454187.199584,127.53
