Time (s),Power Consumption (W)
1707454179.0824256,111.72
1707454179.208972,111.47
1707454179.3168762,111.22
1707454179.5215666,110.61
1707454179.7491283,109.99
1707454180.053064,109.36
1707454180.36688,109.15
1707454180.6885002,109.21
1707454180.9889972,109.33
1707454181.2428117,109.34
1707454181.6424065,109.34
1707454182.0199082,109.36
1707454182.5432076,109.43
1707454184.0443573,108.98
1707454185.0245478,109.76
1707454185.856542,110.69
1707454187.1993153,127.54
