Time (s),Power Consumption (W)
1707454179.083702,111.72
1707454179.258276,111.47
1707454179.4213686,110.95
1707454179.6294932,110.3
1707454179.9117918,109.43
1707454180.1918418,109.08
1707454180.5293703,109.13
1707454180.8062596,109.22
1707454181.1023042,109.32
1707454181.4282286,109.32
1707454181.8120506,109.31
1707454182.2154593,109.45
1707454183.2004285,109.15
1707454184.6422873,109.54
1707454185.5638776,109.83
1707454187.1224806,127.54
