Time (s),Power Consumption (W)
1707454179.1087015,111.72
1707454179.628177,110.3
1707454179.903168,109.43
1707454180.189933,109.08
1707454180.4995236,109.13
1707454180.8048754,109.22
1707454181.0879972,109.32
1707454181.3990598,109.32
1707454181.8084736,109.31
1707454182.2057302,109.45
1707454183.2339761,109.15
1707454184.6861172,109.54
1707454185.647777,109.88
1707454187.0803921,127.54
