Time (s),Power Consumption (W)
1707454179.0827022,111.72
1707454179.2539163,111.47
1707454179.4108884,110.95
1707454179.5931828,110.3
1707454179.897663,109.43
1707454180.2509081,109.08
1707454180.5494695,109.13
1707454180.8984854,109.27
1707454181.1663563,109.32
1707454181.4287446,109.32
1707454181.874125,109.31
1707454182.2790282,109.45
1707454183.2157714,109.15
1707454184.4941435,109.46
1707454185.4380167,109.79
1707454187.022412,126.67
