Time (s),Power Consumption (W)
1707454179.1274683,111.72
1707454179.9370463,109.43
1707454180.2515287,109.08
1707454180.5699832,109.21
1707454180.866817,109.22
1707454181.1421163,109.32
1707454181.427514,109.32
1707454181.8625283,109.31
1707454182.215636,109.45
1707454183.316722,109.14
1707454184.7612648,109.49
1707454185.6329508,109.88
1707454187.1358697,127.54
