Time (s),Power Consumption (W)
1707454179.0834546,111.72
1707454179.2584205,111.47
1707454179.414871,110.95
1707454179.6154218,110.3
1707454179.8953137,109.43
1707454180.2187552,109.08
1707454180.5548532,109.13
1707454180.8509042,109.22
1707454181.1475933,109.32
1707454181.409462,109.32
1707454181.8540912,109.31
1707454182.2385843,109.45
1707454183.201974,109.15
1707454184.532259,109.54
1707454185.4505188,109.79
1707454186.9494355,125.0
1707454187.2089095,127.53
