Time (s),Power Consumption (W)
1707454179.1286163,111.72
1707454179.9548948,109.43
1707454180.2561865,109.08
1707454180.5519965,109.13
1707454180.8052993,109.22
1707454181.1279302,109.32
1707454181.388865,109.32
1707454181.7831979,109.31
1707454182.1965213,109.45
1707454183.1981256,109.15
1707454184.6603794,109.54
1707454185.545422,109.83
1707454187.0804794,127.54
