Time (s),Power Consumption (W)
1707454179.0972595,111.72
1707454179.5016336,110.61
1707454179.7543614,109.99
1707454180.0462453,109.36
1707454180.3455055,109.15
1707454180.6620085,109.21
1707454180.9408689,109.27
1707454181.2653015,109.34
1707454181.62198,109.34
1707454182.0128386,109.36
1707454182.5409045,109.43
1707454184.045412,108.98
1707454185.0377073,109.76
1707454185.8652613,110.69
1707454187.1720831,127.54
