Time (s),Power Consumption (W)
1707454179.135937,111.72
1707454180.1079998,109.18
1707454180.4000652,109.17
1707454180.7109516,109.22
1707454180.9932604,109.33
1707454181.2690988,109.42
1707454181.6423156,109.34
1707454182.0886638,109.42
1707454182.6755967,109.4
1707454184.2140644,109.27
