Time (s),Power Consumption (W)
1707454179.098979,111.72
1707454179.508218,110.61
1707454179.7903137,109.68
1707454180.0746655,109.18
1707454180.385138,109.15
1707454180.6824331,109.21
1707454180.9865756,109.33
1707454181.2845783,109.34
1707454181.6445894,109.34
1707454182.0006745,109.36
1707454182.530594,109.43
1707454184.0498405,108.98
1707454185.033299,109.76
1707454185.8342896,110.69
1707454187.173038,127.54
