Time (s),Power Consumption (W)
1707454179.1318355,111.72
1707454180.0315814,109.36
1707454180.3697264,109.15
1707454180.6924584,109.21
1707454180.9451525,109.27
1707454181.2658672,109.34
1707454181.6112216,109.34
1707454182.0092382,109.36
1707454182.5406213,109.43
1707454184.0376556,108.98
1707454185.009904,109.76
1707454185.8494072,110.69
1707454187.1986687,127.54
