Time (s),Power Consumption (W)
1707454179.1035113,111.72
1707454179.510836,110.61
1707454179.7922688,109.68
1707454180.107967,109.18
1707454180.367132,109.15
1707454180.6666152,109.21
1707454180.9971905,109.33
1707454181.2772582,109.34
1707454181.6445394,109.34
1707454182.0397172,109.36
1707454182.5820346,109.43
1707454184.1282654,109.11
1707454185.154353,109.83
1707454185.9148219,111.68
1707454187.1965947,127.54
