Time (s),Power Consumption (W)
1707454179.126786,111.72
1707454179.8746338,109.43
1707454180.201892,109.08
1707454180.5082567,109.13
1707454180.8263505,109.22
1707454181.1174464,109.32
1707454181.4335048,109.32
1707454181.8433695,109.31
1707454182.4354782,109.4
1707454183.740014,108.95
1707454184.8396218,109.61
1707454185.7175179,110.17
1707454187.1707351,127.54
