Time (s),Power Consumption (W)
1707454179.0906157,111.72
1707454179.4377484,110.95
1707454179.5950472,110.3
1707454179.9332535,109.43
1707454180.2162337,109.08
1707454180.5374792,109.13
1707454180.8128204,109.22
1707454181.105877,109.32
1707454181.4302638,109.32
1707454181.8777866,109.31
1707454182.437035,109.4
1707454183.634003,109.03
1707454184.8404446,109.61
1707454185.691172,110.17
1707454187.1660156,127.54
