Time (s),Power Consumption (W)
1707454179.1357372,111.72
1707454180.0725775,109.18
1707454180.417653,109.17
1707454180.7227886,109.22
1707454180.9898715,109.33
1707454181.2891042,109.34
1707454181.6507363,109.34
1707454182.0148227,109.36
1707454182.5700576,109.43
1707454184.0625792,108.98
1707454185.0417097,109.76
1707454185.8501456,110.69
1707454187.171801,127.54
