Time (s),Power Consumption (W)
1707454179.1172273,111.72
1707454179.7724164,109.68
1707454180.0595212,109.36
1707454180.347824,109.15
1707454180.6600943,109.21
1707454180.9755397,109.33
1707454181.260042,109.34
1707454181.599093,109.34
1707454181.9936829,109.36
1707454182.5336845,109.43
1707454184.085002,109.11
1707454185.0699368,109.76
1707454185.8804579,111.68
1707454187.3966756,127.53
