Time (s),Power Consumption (W)
1707454179.0964575,111.72
1707454179.4234471,110.95
1707454179.6385918,110.3
1707454179.9521477,109.43
1707454180.2535963,109.08
1707454180.570661,109.21
1707454180.8646014,109.22
1707454181.1052253,109.32
1707454181.4094872,109.32
1707454181.8736324,109.31
1707454182.2734258,109.45
1707454183.2099657,109.15
1707454184.4784331,109.46
1707454185.4434566,109.79
1707454187.0453532,126.67
