Time (s),Power Consumption (W)
1707454179.1071253,111.72
1707454179.5474036,110.61
1707454179.7578838,109.99
1707454180.0330498,109.36
1707454180.381057,109.15
1707454180.696841,109.22
1707454180.9608786,109.27
1707454181.2425797,109.34
1707454181.591675,109.34
1707454181.9822083,109.4
1707454182.5255716,109.43
1707454184.006408,108.98
1707454185.0090823,109.76
1707454185.807421,110.69
1707454187.1731648,127.54
