Time (s),Power Consumption (W)
1707454179.1252139,111.72
1707454179.7860546,109.68
1707454180.0431974,109.36
1707454180.3575003,109.15
1707454180.6804035,109.21
1707454180.9907892,109.33
1707454181.2824504,109.42
1707454181.6525316,109.34
1707454182.0383127,109.36
1707454182.536936,109.43
1707454183.9956324,108.98
1707454184.9792953,109.76
1707454185.7880282,110.69
1707454187.1714427,127.54
